concept,texture_id,avg_rating
above,F0,0.3952702702702703
above,F102,0.46621621621621623
above,F22,0.32094594594594594
above,F24,0.3952702702702703
above,F51,0.3547297297297297
above,F53,0.3344594594594595
above,F75,0.3108108108108108
above,G0,0.375
above,G102,0.33108108108108103
above,G22,0.38541666666666663
above,G24,0.3885135135135135
above,G51,0.4560810810810811
above,G53,0.3581081081081081
above,G75,0.3819444444444444
above,M0,0.3819444444444444
above,M102,0.3581081081081081
above,M22,0.31081081081081086
above,M24,0.2804054054054054
above,M51,0.3888888888888889
above,M53,0.3243243243243243
above,M75,0.28040540540540543
above,P0,0.44932432432432434
above,P102,0.4256756756756757
above,P22,0.3918918918918919
above,P24,0.39583333333333337
above,P51,0.32770270270270274
above,P53,0.3344594594594595
above,P75,0.39864864864864863
above,S0,0.40202702702702703
above,S102,0.3952702702702703
above,S22,0.3344594594594595
above,S24,0.30405405405405406
above,S51,0.35135135135135137
above,S53,0.31081081081081086
above,S75,0.3783783783783784
airplane,F0,0.49324324324324326
airplane,F102,0.31418918918918914
airplane,F22,0.46621621621621623
airplane,F24,0.4189189189189189
airplane,F51,0.40202702702702703
airplane,F53,0.3581081081081081
airplane,F75,0.3581081081081081
airplane,G0,0.6891891891891891
airplane,G102,0.27702702702702703
airplane,G22,0.49324324324324326
airplane,G24,0.5371621621621622
airplane,G51,0.5236486486486487
airplane,G53,0.6114864864864865
airplane,G75,0.4864864864864865
airplane,M0,0.5574324324324325
airplane,M102,0.42229729729729726
airplane,M22,0.5135135135135135
airplane,M24,0.44256756756756754
airplane,M51,0.45270270270270274
airplane,M53,0.5844594594594594
airplane,M75,0.40202702702702703
airplane,P0,0.6824324324324325
airplane,P102,0.24324324324324326
airplane,P22,0.34797297297297297
airplane,P24,0.3298611111111111
airplane,P51,0.39864864864864863
airplane,P53,0.44791666666666663
airplane,P75,0.27702702702702703
airplane,S0,0.2905405405405405
airplane,S102,0.23310810810810811
airplane,S22,0.25
airplane,S24,0.25675675675675674
airplane,S51,0.22972972972972974
airplane,S53,0.2804054054054054
airplane,S75,0.2533783783783784
angry,F0,0.1527777777777778
angry,F102,0.2857142857142857
angry,F22,0.28125
angry,F24,0.2326388888888889
angry,F51,0.3263888888888889
angry,F53,0.16666666666666669
angry,F75,0.2152777777777778
angry,G0,0.19642857142857145
angry,G102,0.48958333333333337
angry,G22,0.3645833333333333
angry,G24,0.2638888888888889
angry,G51,0.30208333333333337
angry,G53,0.21428571428571427
angry,G75,0.3506944444444444
angry,M0,0.1597222222222222
angry,M102,0.3090277777777778
angry,M22,0.1423611111111111
angry,M24,0.13194444444444448
angry,M51,0.21527777777777782
angry,M53,0.15625
angry,M75,0.2743055555555556
angry,P0,0.1597222222222222
angry,P102,0.6392857142857142
angry,P22,0.6076388888888888
angry,P24,0.5555555555555556
angry,P51,0.48958333333333337
angry,P53,0.5034722222222222
angry,P75,0.5625
angry,S0,0.1527777777777778
angry,S102,0.3263888888888889
angry,S22,0.2465277777777778
angry,S24,0.2847222222222222
angry,S51,0.2951388888888889
angry,S53,0.2743055555555556
angry,S75,0.2326388888888889
apple,F0,0.5104166666666666
apple,F102,0.21785714285714286
apple,F22,0.24642857142857144
apple,F24,0.2857142857142857
apple,F51,0.2777777777777778
apple,F53,0.3194444444444444
apple,F75,0.19444444444444445
apple,G0,0.7395833333333334
apple,G102,0.2638888888888889
apple,G22,0.3958333333333333
apple,G24,0.4861111111111111
apple,G51,0.4722222222222222
apple,G53,0.625
apple,G75,0.4444444444444444
apple,M0,0.22569444444444445
apple,M102,0.20833333333333331
apple,M22,0.19444444444444445
apple,M24,0.21180555555555555
apple,M51,0.18055555555555555
apple,M53,0.21875
apple,M75,0.21180555555555555
apple,P0,0.7222222222222222
apple,P102,0.18055555555555555
apple,P22,0.1736111111111111
apple,P24,0.2222222222222222
apple,P51,0.3194444444444444
apple,P53,0.39583333333333337
apple,P75,0.2569444444444444
apple,S0,0.42708333333333337
apple,S102,0.10416666666666666
apple,S22,0.2
apple,S24,0.21180555555555552
apple,S51,0.2013888888888889
apple,S53,0.35416666666666663
apple,S75,0.1840277777777778
banana,F0,0.5520833333333334
banana,F102,0.1875
banana,F22,0.3402777777777778
banana,F24,0.4305555555555556
banana,F51,0.40625
banana,F53,0.4756944444444444
banana,F75,0.2465277777777778
banana,G0,0.5104166666666666
banana,G102,0.17708333333333331
banana,G22,0.2777777777777778
banana,G24,0.3680555555555556
banana,G51,0.41666666666666663
banana,G53,0.5381944444444444
banana,G75,0.25
banana,M0,0.23958333333333331
banana,M102,0.21875
banana,M22,0.22916666666666669
banana,M24,0.2534722222222222
banana,M51,0.2777777777777778
banana,M53,0.23571428571428568
banana,M75,0.2569444444444444
banana,P0,0.5486111111111112
banana,P102,0.10069444444444446
banana,P22,0.11458333333333333
banana,P24,0.16428571428571426
banana,P51,0.3194444444444444
banana,P53,0.3263888888888889
banana,P75,0.1597222222222222
banana,S0,0.5069444444444444
banana,S102,0.2534722222222222
banana,S22,0.32291666666666663
banana,S24,0.4305555555555556
banana,S51,0.4409722222222222
banana,S53,0.4409722222222222
banana,S75,0.3020833333333333
beach,F0,0.3298611111111111
beach,F102,0.4583333333333333
beach,F22,0.6286764705882353
beach,F24,0.4965277777777778
beach,F51,0.3993055555555556
beach,F53,0.4201388888888889
beach,F75,0.40714285714285714
beach,G0,0.2569444444444444
beach,G102,0.5694444444444444
beach,G22,0.6215277777777778
beach,G24,0.4409722222222222
beach,G51,0.4375
beach,G53,0.3993055555555556
beach,G75,0.4791666666666667
beach,M0,0.3402777777777778
beach,M102,0.4340277777777778
beach,M22,0.4027777777777778
beach,M24,0.3576388888888889
beach,M51,0.4131944444444444
beach,M53,0.3090277777777778
beach,M75,0.4548611111111111
beach,P0,0.20833333333333331
beach,P102,0.5590277777777778
beach,P22,0.6180555555555556
beach,P24,0.6527777777777778
beach,P51,0.40625
beach,P53,0.6145833333333334
beach,P75,0.5798611111111112
beach,S0,0.2916666666666667
beach,S102,0.4131944444444444
beach,S22,0.4409722222222222
beach,S24,0.4236111111111111
beach,S51,0.34375
beach,S53,0.33333333333333337
beach,S75,0.3715277777777778
bear,F0,0.37162162162162166
bear,F102,0.40878378378378377
bear,F22,0.5
bear,F24,0.40202702702702703
bear,F51,0.3581081081081081
bear,F53,0.3993055555555556
bear,F75,0.43243243243243246
bear,G0,0.10135135135135136
bear,G102,0.11148648648648647
bear,G22,0.17567567567567569
bear,G24,0.11148648648648647
bear,G51,0.11824324324324324
bear,G53,0.10472972972972974
bear,G75,0.1527777777777778
bear,M0,0.7027027027027027
bear,M102,0.5304054054054054
bear,M22,0.7027027027027027
bear,M24,0.7432432432432432
bear,M51,0.5608108108108109
bear,M53,0.7466216216216216
bear,M75,0.5709459459459459
bear,P0,0.1388888888888889
bear,P102,0.17567567567567569
bear,P22,0.23310810810810811
bear,P24,0.1925675675675676
bear,P51,0.13513513513513514
bear,P53,0.21621621621621623
bear,P75,0.17905405405405406
bear,S0,0.0798611111111111
bear,S102,0.10472972972972974
bear,S22,0.11785714285714284
bear,S24,0.13851351351351354
bear,S51,0.07432432432432431
bear,S53,0.11486486486486487
bear,S75,0.10810810810810811
below,F0,0.44932432432432434
below,F102,0.4628378378378379
below,F22,0.5574324324324325
below,F24,0.47297297297297297
below,F51,0.5506756756756757
below,F53,0.5
below,F75,0.4861111111111111
below,G0,0.44932432432432434
below,G102,0.4695945945945946
below,G22,0.44256756756756754
below,G24,0.43243243243243246
below,G51,0.32770270270270274
below,G53,0.46621621621621623
below,G75,0.4695945945945946
below,M0,0.40202702702702703
below,M102,0.5833333333333334
below,M22,0.48986486486486486
below,M24,0.5202702702702703
below,M51,0.4831081081081081
below,M53,0.49324324324324326
below,M75,0.5506756756756757
below,P0,0.40202702702702703
below,P102,0.48986486486486486
below,P22,0.4054054054054054
below,P24,0.3783783783783784
below,P51,0.4695945945945946
below,P53,0.45270270270270274
below,P75,0.48648648648648646
below,S0,0.38541666666666663
below,S102,0.44594594594594594
below,S22,0.45270270270270274
below,S24,0.4628378378378379
below,S51,0.46283783783783783
below,S53,0.39864864864864863
below,S75,0.40202702702702703
beside,F0,0.39864864864864863
beside,F102,0.40202702702702703
beside,F22,0.4189189189189189
beside,F24,0.42567567567567566
beside,F51,0.4797297297297297
beside,F53,0.4305555555555556
beside,F75,0.3952702702702703
beside,G0,0.4189189189189189
beside,G102,0.375
beside,G22,0.4236111111111111
beside,G24,0.37162162162162166
beside,G51,0.40878378378378377
beside,G53,0.40202702702702703
beside,G75,0.3333333333333333
beside,M0,0.42567567567567566
beside,M102,0.42229729729729726
beside,M22,0.48986486486486486
beside,M24,0.42905405405405406
beside,M51,0.4358108108108108
beside,M53,0.40878378378378377
beside,M75,0.39864864864864863
beside,P0,0.4189189189189189
beside,P102,0.3277027027027027
beside,P22,0.36486486486486486
beside,P24,0.38513513513513514
beside,P51,0.3952702702702703
beside,P53,0.3611111111111111
beside,P75,0.3716216216216216
beside,S0,0.44932432432432434
beside,S102,0.37837837837837834
beside,S22,0.42905405405405406
beside,S24,0.4097222222222222
beside,S51,0.3918918918918919
beside,S53,0.35135135135135137
beside,S75,0.375
bird,F0,0.40878378378378377
bird,F102,0.43918918918918914
bird,F22,0.44256756756756754
bird,F24,0.3581081081081081
bird,F51,0.3614864864864865
bird,F53,0.4391891891891892
bird,F75,0.4155405405405405
bird,G0,0.21959459459459457
bird,G102,0.23986486486486486
bird,G22,0.22972972972972974
bird,G24,0.28716216216216217
bird,G51,0.25675675675675674
bird,G53,0.2195945945945946
bird,G75,0.25
bird,M0,0.5675675675675675
bird,M102,0.5168918918918919
bird,M22,0.5743243243243243
bird,M24,0.5574324324324325
bird,M51,0.44932432432432434
bird,M53,0.597972972972973
bird,M75,0.5135135135135135
bird,P0,0.24324324324324328
bird,P102,0.22635135135135137
bird,P22,0.20608108108108106
bird,P24,0.2905405405405405
bird,P51,0.20270270270270271
bird,P53,0.31756756756756754
bird,P75,0.21959459459459457
bird,S0,0.14527027027027026
bird,S102,0.15625
bird,S22,0.1840277777777778
bird,S24,0.21283783783783783
bird,S51,0.15878378378378377
bird,S53,0.17905405405405406
bird,S75,0.17708333333333331
blizzard,F0,0.4548611111111111
blizzard,F102,0.4965277777777778
blizzard,F22,0.4097222222222222
blizzard,F24,0.44791666666666663
blizzard,F51,0.42142857142857143
blizzard,F53,0.5
blizzard,F75,0.4340277777777778
blizzard,G0,0.375
blizzard,G102,0.3263888888888889
blizzard,G22,0.3680555555555556
blizzard,G24,0.45833333333333337
blizzard,G51,0.34375
blizzard,G53,0.32638888888888895
blizzard,G75,0.3715277777777778
blizzard,M0,0.4392857142857143
blizzard,M102,0.4861111111111111
blizzard,M22,0.5416666666666666
blizzard,M24,0.5138888888888888
blizzard,M51,0.4618055555555556
blizzard,M53,0.5392857142857143
blizzard,M75,0.5451388888888888
blizzard,P0,0.2951388888888889
blizzard,P102,0.3888888888888889
blizzard,P22,0.3142857142857143
blizzard,P24,0.2785714285714286
blizzard,P51,0.2673611111111111
blizzard,P53,0.2986111111111111
blizzard,P75,0.3125
blizzard,S0,0.3368055555555556
blizzard,S102,0.4930555555555556
blizzard,S22,0.4756944444444444
blizzard,S24,0.4131944444444444
blizzard,S51,0.32142857142857145
blizzard,S53,0.3784722222222222
blizzard,S75,0.4305555555555556
blueberry,F0,0.5034722222222222
blueberry,F102,0.2048611111111111
blueberry,F22,0.24305555555555552
blueberry,F24,0.3194444444444444
blueberry,F51,0.1701388888888889
blueberry,F53,0.3819444444444444
blueberry,F75,0.2048611111111111
blueberry,G0,0.5104166666666666
blueberry,G102,0.12142857142857143
blueberry,G22,0.20138888888888892
blueberry,G24,0.23611111111111108
blueberry,G51,0.14930555555555555
blueberry,G53,0.3784722222222222
blueberry,G75,0.2152777777777778
blueberry,M0,0.34375
blueberry,M102,0.1840277777777778
blueberry,M22,0.21180555555555555
blueberry,M24,0.2847222222222222
blueberry,M51,0.19791666666666669
blueberry,M53,0.26785714285714285
blueberry,M75,0.1701388888888889
blueberry,P0,0.4965277777777778
blueberry,P102,0.07291666666666666
blueberry,P22,0.08680555555555554
blueberry,P24,0.11785714285714284
blueberry,P51,0.09375
blueberry,P53,0.18055555555555552
blueberry,P75,0.15625
blueberry,S0,0.5034722222222222
blueberry,S102,0.2604166666666667
blueberry,S22,0.2222222222222222
blueberry,S24,0.2847222222222222
blueberry,S51,0.2569444444444444
blueberry,S53,0.4027777777777778
blueberry,S75,0.2916666666666667
boat,F0,0.4560810810810811
boat,F102,0.25337837837837834
boat,F22,0.32094594594594594
boat,F24,0.34459459459459457
boat,F51,0.28378378378378377
boat,F53,0.3885135135135135
boat,F75,0.3108108108108108
boat,G0,0.6925675675675675
boat,G102,0.3547297297297297
boat,G22,0.5110294117647058
boat,G24,0.5878378378378378
boat,G51,0.5208333333333334
boat,G53,0.5777027027027027
boat,G75,0.5
boat,M0,0.32094594594594594
boat,M102,0.25
boat,M22,0.30067567567567566
boat,M24,0.2702702702702703
boat,M51,0.27702702702702703
boat,M53,0.32432432432432434
boat,M75,0.3402777777777778
boat,P0,0.625
boat,P102,0.29729729729729726
boat,P22,0.32770270270270274
boat,P24,0.36824324324324326
boat,P51,0.3614864864864865
boat,P53,0.40878378378378377
boat,P75,0.3614864864864865
boat,S0,0.4966216216216216
boat,S102,0.39583333333333337
boat,S22,0.3716216216216216
boat,S24,0.4864864864864865
boat,S51,0.3952702702702703
boat,S53,0.45270270270270274
boat,S75,0.44594594594594594
car,F0,0.45270270270270274
car,F102,0.30405405405405406
car,F22,0.4831081081081081
car,F24,0.43243243243243246
car,F51,0.35135135135135137
car,F53,0.46621621621621623
car,F75,0.43243243243243246
car,G0,0.6790540540540541
car,G102,0.3344594594594595
car,G22,0.44256756756756754
car,G24,0.5067567567567568
car,G51,0.46875
car,G53,0.5709459459459459
car,G75,0.4054054054054054
car,M0,0.543918918918919
car,M102,0.4189189189189189
car,M22,0.5574324324324325
car,M24,0.527027027027027
car,M51,0.4797297297297297
car,M53,0.5878378378378378
car,M75,0.4594594594594595
car,P0,0.5405405405405406
car,P102,0.30405405405405406
car,P22,0.3344594594594595
car,P24,0.34121621621621623
car,P51,0.33783783783783783
car,P53,0.4222972972972973
car,P75,0.3716216216216216
car,S0,0.28378378378378377
car,S102,0.20945945945945948
car,S22,0.26013513513513514
car,S24,0.3090277777777778
car,S51,0.2027027027027027
car,S53,0.28716216216216217
car,S75,0.23958333333333331
carrot,F0,0.4
carrot,F102,0.20357142857142857
carrot,F22,0.33571428571428574
carrot,F24,0.29642857142857143
carrot,F51,0.31785714285714284
carrot,F53,0.39642857142857146
carrot,F75,0.2
carrot,G0,0.3821428571428571
carrot,G102,0.21785714285714286
carrot,G22,0.3821428571428571
carrot,G24,0.4392857142857143
carrot,G51,0.41785714285714287
carrot,G53,0.5285714285714286
carrot,G75,0.3
carrot,M0,0.2571428571428571
carrot,M102,0.19642857142857142
carrot,M22,0.22794117647058826
carrot,M24,0.2642857142857143
carrot,M51,0.2642857142857143
carrot,M53,0.23214285714285715
carrot,M75,0.24285714285714283
carrot,P0,0.45
carrot,P102,0.19642857142857145
carrot,P22,0.2357142857142857
carrot,P24,0.44285714285714284
carrot,P51,0.3607142857142857
carrot,P53,0.5535714285714286
carrot,P75,0.27142857142857146
carrot,S0,0.20357142857142857
carrot,S102,0.12867647058823528
carrot,S22,0.16428571428571428
carrot,S24,0.18571428571428572
carrot,S51,0.15357142857142858
carrot,S53,0.25
carrot,S75,0.12857142857142856
celery,F0,0.3392857142857143
celery,F102,0.16071428571428573
celery,F22,0.24632352941176472
celery,F24,0.30357142857142855
celery,F51,0.5642857142857143
celery,F53,0.2857142857142857
celery,F75,0.125
celery,G0,0.36071428571428565
celery,G102,0.23571428571428568
celery,G22,0.34285714285714286
celery,G24,0.3464285714285714
celery,G51,0.6964285714285714
celery,G53,0.425
celery,G75,0.25357142857142856
celery,M0,0.1985294117647059
celery,M102,0.20714285714285713
celery,M22,0.19642857142857145
celery,M24,0.175
celery,M51,0.44642857142857145
celery,M53,0.14285714285714285
celery,M75,0.16428571428571428
celery,P0,0.41428571428571426
celery,P102,0.22058823529411764
celery,P22,0.2285714285714286
celery,P24,0.28928571428571426
celery,P51,0.6964285714285714
celery,P53,0.3821428571428571
celery,P75,0.2035714285714286
celery,S0,0.275
celery,S102,0.13214285714285717
celery,S22,0.18382352941176472
celery,S24,0.18928571428571428
celery,S51,0.5535714285714286
celery,S53,0.25735294117647056
celery,S75,0.125
cherry,F0,0.4722222222222222
cherry,F102,0.19444444444444448
cherry,F22,0.18214285714285713
cherry,F24,0.20486111111111108
cherry,F51,0.19791666666666669
cherry,F53,0.2916666666666667
cherry,F75,0.19285714285714287
cherry,G0,0.6111111111111112
cherry,G102,0.25
cherry,G22,0.33333333333333337
cherry,G24,0.45833333333333337
cherry,G51,0.37857142857142856
cherry,G53,0.5034722222222222
cherry,G75,0.3680555555555556
cherry,M0,0.15714285714285714
cherry,M102,0.1840277777777778
cherry,M22,0.15625
cherry,M24,0.13194444444444445
cherry,M51,0.1597222222222222
cherry,M53,0.16319444444444445
cherry,M75,0.1388888888888889
cherry,P0,0.4618055555555556
cherry,P102,0.14285714285714288
cherry,P22,0.09375
cherry,P24,0.17708333333333334
cherry,P51,0.1875
cherry,P53,0.2222222222222222
cherry,P75,0.1875
cherry,S0,0.5590277777777778
cherry,S102,0.3368055555555556
cherry,S22,0.2743055555555556
cherry,S24,0.3819444444444444
cherry,S51,0.34375
cherry,S53,0.5104166666666666
cherry,S75,0.42013888888888895
comfort,F0,0.652027027027027
comfort,F102,0.5236486486486487
comfort,F22,0.5608108108108109
comfort,F24,0.527027027027027
comfort,F51,0.581081081081081
comfort,F53,0.6317567567567568
comfort,F75,0.581081081081081
comfort,G0,0.3055555555555556
comfort,G102,0.09797297297297296
comfort,G22,0.21621621621621623
comfort,G24,0.22297297297297297
comfort,G51,0.17905405405405406
comfort,G53,0.2972972972972973
comfort,G75,0.22635135135135137
comfort,M0,0.6452702702702703
comfort,M102,0.5405405405405406
comfort,M22,0.668918918918919
comfort,M24,0.6790540540540541
comfort,M51,0.5945945945945946
comfort,M53,0.6824324324324325
comfort,M75,0.597972972972973
comfort,P0,0.23648648648648649
comfort,P102,0.08108108108108106
comfort,P22,0.125
comfort,P24,0.10472972972972974
comfort,P51,0.11148648648648647
comfort,P53,0.16666666666666669
comfort,P75,0.14189189189189189
comfort,S0,0.3918918918918919
comfort,S102,0.5
comfort,S22,0.4797297297297297
comfort,S24,0.4290540540540541
comfort,S51,0.46283783783783783
comfort,S53,0.49324324324324326
comfort,S75,0.48986486486486486
corn,F0,0.15
corn,F102,0.625
corn,F22,0.18214285714285713
corn,F24,0.15714285714285714
corn,F51,0.24285714285714283
corn,F53,0.1142857142857143
corn,F75,0.5964285714285714
corn,G0,0.08214285714285714
corn,G102,0.6714285714285714
corn,G22,0.4392857142857143
corn,G24,0.24285714285714283
corn,G51,0.15714285714285714
corn,G53,0.11785714285714284
corn,G75,0.6035714285714285
corn,M0,0.10714285714285715
corn,M102,0.6285714285714286
corn,M22,0.2058823529411765
corn,M24,0.1392857142857143
corn,M51,0.24642857142857144
corn,M53,0.08928571428571429
corn,M75,0.5964285714285714
corn,P0,0.07142857142857144
corn,P102,0.6214285714285714
corn,P22,0.3142857142857143
corn,P24,0.3607142857142857
corn,P51,0.24285714285714283
corn,P53,0.16071428571428573
corn,P75,0.6892857142857143
corn,S0,0.13571428571428573
corn,S102,0.75
corn,S22,0.3345588235294118
corn,S24,0.30357142857142855
corn,S51,0.25357142857142856
corn,S53,0.17857142857142855
corn,S75,0.7607142857142857
dawn,F0,0.45394736842105265
dawn,F102,0.4459459459459459
dawn,F22,0.41776315789473684
dawn,F24,0.45065789473684215
dawn,F51,0.48355263157894735
dawn,F53,0.5526315789473684
dawn,F75,0.45065789473684215
dawn,G0,0.3618421052631579
dawn,G102,0.3519736842105263
dawn,G22,0.3059210526315789
dawn,G24,0.35855263157894735
dawn,G51,0.3848684210526316
dawn,G53,0.40460526315789475
dawn,G75,0.3059210526315789
dawn,M0,0.49662162162162166
dawn,M102,0.5032894736842105
dawn,M22,0.4358108108108108
dawn,M24,0.5789473684210527
dawn,M51,0.4605263157894737
dawn,M53,0.5131578947368421
dawn,M75,0.5164473684210527
dawn,P0,0.375
dawn,P102,0.2894736842105263
dawn,P22,0.2730263157894737
dawn,P24,0.28289473684210525
dawn,P51,0.29605263157894735
dawn,P53,0.2861842105263158
dawn,P75,0.24013157894736842
dawn,S0,0.3651315789473684
dawn,S102,0.3881578947368421
dawn,S22,0.40789473684210525
dawn,S24,0.42105263157894735
dawn,S51,0.42105263157894735
dawn,S53,0.3815789473684211
dawn,S75,0.3618421052631579
day,F0,0.3885135135135135
day,F102,0.4506578947368421
day,F22,0.4736842105263158
day,F24,0.46283783783783783
day,F51,0.4797297297297297
day,F53,0.40460526315789475
day,F75,0.48355263157894735
day,G0,0.4407894736842105
day,G102,0.46283783783783783
day,G22,0.4473684210526316
day,G24,0.4736842105263158
day,G51,0.40789473684210525
day,G53,0.42105263157894735
day,G75,0.38815789473684215
day,M0,0.3815789473684211
day,M102,0.4054054054054054
day,M22,0.3918918918918919
day,M24,0.4013157894736842
day,M51,0.3717105263157895
day,M53,0.40878378378378377
day,M75,0.39144736842105265
day,P0,0.46710526315789475
day,P102,0.5098684210526315
day,P22,0.46710526315789475
day,P24,0.5131578947368421
day,P51,0.4407894736842105
day,P53,0.5164473684210527
day,P75,0.45065789473684215
day,S0,0.42434210526315785
day,S102,0.4013157894736842
day,S22,0.47039473684210525
day,S24,0.4342105263157895
day,S51,0.5328947368421053
day,S53,0.4309210526315789
day,S75,0.4111842105263158
disgust,F0,0.2569444444444444
disgust,F102,0.53125
disgust,F22,0.3576388888888889
disgust,F24,0.3333333333333333
disgust,F51,0.3298611111111111
disgust,F53,0.24305555555555555
disgust,F75,0.3888888888888889
disgust,G0,0.09375
disgust,G102,0.4131944444444444
disgust,G22,0.3142857142857143
disgust,G24,0.31785714285714284
disgust,G51,0.23214285714285712
disgust,G53,0.22222222222222218
disgust,G75,0.29513888888888895
disgust,M0,0.20833333333333331
disgust,M102,0.4513888888888889
disgust,M22,0.24305555555555552
disgust,M24,0.25
disgust,M51,0.25
disgust,M53,0.2847222222222222
disgust,M75,0.3506944444444444
disgust,P0,0.06597222222222224
disgust,P102,0.39583333333333337
disgust,P22,0.3888888888888889
disgust,P24,0.3506944444444444
disgust,P51,0.2847222222222222
disgust,P53,0.28125
disgust,P75,0.3472222222222222
disgust,S0,0.4816176470588235
disgust,S102,0.5451388888888888
disgust,S22,0.5590277777777778
disgust,S24,0.4756944444444444
disgust,S51,0.4375
disgust,S53,0.4305555555555556
disgust,S75,0.5555555555555556
dress,F0,0.3388157894736842
dress,F102,0.2631578947368421
dress,F22,0.33223684210526316
dress,F24,0.3223684210526316
dress,F51,0.3355263157894737
dress,F53,0.35855263157894735
dress,F75,0.3125
dress,G0,0.13851351351351351
dress,G102,0.05592105263157895
dress,G22,0.12171052631578946
dress,G24,0.10526315789473684
dress,G51,0.11513157894736843
dress,G53,0.1611842105263158
dress,G75,0.12828947368421054
dress,M0,0.5067567567567568
dress,M102,0.4111842105263158
dress,M22,0.5394736842105263
dress,M24,0.4901315789473685
dress,M51,0.5067567567567568
dress,M53,0.542763157894737
dress,M75,0.39144736842105265
dress,P0,0.11513157894736842
dress,P102,0.026315789473684213
dress,P22,0.09539473684210524
dress,P24,0.11513157894736846
dress,P51,0.08552631578947369
dress,P53,0.09210526315789473
dress,P75,0.07894736842105261
dress,S0,0.1743421052631579
dress,S102,0.11111111111111109
dress,S22,0.14473684210526316
dress,S24,0.1743421052631579
dress,S51,0.10472972972972974
dress,S53,0.16776315789473684
dress,S75,0.09121621621621621
driving,F0,0.5220588235294118
driving,F102,0.4375
driving,F22,0.4779411764705882
driving,F24,0.40808823529411764
driving,F51,0.4154411764705882
driving,F53,0.4338235294117647
driving,F75,0.400735294117647
driving,G0,0.4485294117647059
driving,G102,0.4558823529411765
driving,G22,0.5330882352941175
driving,G24,0.6029411764705882
driving,G51,0.48161764705882354
driving,G53,0.5492424242424242
driving,G75,0.5661764705882353
driving,M0,0.40808823529411764
driving,M102,0.375
driving,M22,0.39338235294117646
driving,M24,0.39338235294117646
driving,M51,0.4742647058823529
driving,M53,0.3787878787878788
driving,M75,0.45588235294117646
driving,P0,0.4375
driving,P102,0.4485294117647059
driving,P22,0.4485294117647059
driving,P24,0.5625
driving,P51,0.46691176470588236
driving,P53,0.46590909090909094
driving,P75,0.4810606060606061
driving,S0,0.3161764705882353
driving,S102,0.34558823529411764
driving,S22,0.36764705882352944
driving,S24,0.4007352941176471
driving,S51,0.3125
driving,S53,0.3897058823529412
driving,S75,0.4227941176470588
drought,F0,0.4340277777777778
drought,F102,0.5104166666666666
drought,F22,0.5277777777777778
drought,F24,0.5178571428571429
drought,F51,0.4409722222222222
drought,F53,0.5104166666666667
drought,F75,0.47916666666666663
drought,G0,0.2951388888888889
drought,G102,0.4618055555555556
drought,G22,0.5243055555555556
drought,G24,0.3229166666666667
drought,G51,0.3298611111111111
drought,G53,0.38541666666666663
drought,G75,0.36458333333333337
drought,M0,0.45833333333333337
drought,M102,0.425
drought,M22,0.4826388888888889
drought,M24,0.4548611111111111
drought,M51,0.4652777777777778
drought,M53,0.44791666666666663
drought,M75,0.43214285714285716
drought,P0,0.5
drought,P102,0.6041666666666666
drought,P22,0.5833333333333334
drought,P24,0.6006944444444444
drought,P51,0.4756944444444444
drought,P53,0.6076388888888888
drought,P75,0.6423611111111112
drought,S0,0.25
drought,S102,0.16319444444444445
drought,S22,0.17708333333333331
drought,S24,0.22916666666666669
drought,S51,0.1388888888888889
drought,S53,0.2013888888888889
drought,S75,0.11111111111111108
dusk,F0,0.48684210526315785
dusk,F102,0.4111842105263158
dusk,F22,0.4440789473684211
dusk,F24,0.45723684210526316
dusk,F51,0.46710526315789475
dusk,F53,0.45394736842105265
dusk,F75,0.4375
dusk,G0,0.4572368421052631
dusk,G102,0.39473684210526316
dusk,G22,0.43243243243243246
dusk,G24,0.4473684210526316
dusk,G51,0.40460526315789475
dusk,G53,0.4144736842105263
dusk,G75,0.4769736842105263
dusk,M0,0.4934210526315789
dusk,M102,0.5337837837837838
dusk,M22,0.5098684210526315
dusk,M24,0.5921052631578947
dusk,M51,0.5
dusk,M53,0.527027027027027
dusk,M75,0.5164473684210527
dusk,P0,0.4342105263157895
dusk,P102,0.3782894736842105
dusk,P22,0.3618421052631579
dusk,P24,0.3980263157894737
dusk,P51,0.31756756756756754
dusk,P53,0.3355263157894737
dusk,P75,0.39144736842105265
dusk,S0,0.4440789473684211
dusk,S102,0.375
dusk,S22,0.4144736842105263
dusk,S24,0.3717105263157895
dusk,S51,0.41216216216216217
dusk,S53,0.41776315789473684
dusk,S75,0.4473684210526316
eating,F0,0.20833333333333331
eating,F102,0.2977941176470588
eating,F22,0.2765151515151515
eating,F24,0.21323529411764705
eating,F51,0.26838235294117646
eating,F53,0.2803030303030303
eating,F75,0.20588235294117646
eating,G0,0.26838235294117646
eating,G102,0.21323529411764705
eating,G22,0.28308823529411764
eating,G24,0.2977941176470588
eating,G51,0.2537878787878788
eating,G53,0.30514705882352944
eating,G75,0.2536764705882353
eating,M0,0.20955882352941174
eating,M102,0.13970588235294118
eating,M22,0.1691176470588235
eating,M24,0.20220588235294118
eating,M51,0.18014705882352938
eating,M53,0.1764705882352941
eating,M75,0.2426470588235294
eating,P0,0.27941176470588236
eating,P102,0.23484848484848486
eating,P22,0.1323529411764706
eating,P24,0.20220588235294118
eating,P51,0.1948529411764706
eating,P53,0.28308823529411764
eating,P75,0.20588235294117646
eating,S0,0.31985294117647056
eating,S102,0.3088235294117647
eating,S22,0.3143939393939394
eating,S24,0.29411764705882354
eating,S51,0.2647058823529412
eating,S53,0.31985294117647056
eating,S75,0.2941176470588235
efficiency,F0,0.5067567567567568
efficiency,F102,0.30743243243243246
efficiency,F22,0.38175675675675674
efficiency,F24,0.36486486486486486
efficiency,F51,0.375
efficiency,F53,0.4831081081081081
efficiency,F75,0.32770270270270274
efficiency,G0,0.7263513513513513
efficiency,G102,0.36486486486486486
efficiency,G22,0.4864864864864865
efficiency,G24,0.5641891891891893
efficiency,G51,0.5472972972972973
efficiency,G53,0.6587837837837838
efficiency,G75,0.48648648648648657
efficiency,M0,0.39583333333333337
efficiency,M102,0.3344594594594595
efficiency,M22,0.3716216216216216
efficiency,M24,0.35135135135135137
efficiency,M51,0.35135135135135137
efficiency,M53,0.44256756756756754
efficiency,M75,0.3020833333333333
efficiency,P0,0.7094594594594594
efficiency,P102,0.35135135135135137
efficiency,P22,0.44594594594594594
efficiency,P24,0.4618055555555556
efficiency,P51,0.47297297297297297
efficiency,P53,0.5641891891891893
efficiency,P75,0.30067567567567566
efficiency,S0,0.32094594594594594
efficiency,S102,0.25675675675675674
efficiency,S22,0.2905405405405405
efficiency,S24,0.30067567567567566
efficiency,S51,0.3277027027027027
efficiency,S53,0.31756756756756754
efficiency,S75,0.2702702702702703
eggplant,F0,0.7178571428571429
eggplant,F102,0.15
eggplant,F22,0.20714285714285713
eggplant,F24,0.29285714285714287
eggplant,F51,0.225
eggplant,F53,0.46785714285714286
eggplant,F75,0.21785714285714286
eggplant,G0,0.75
eggplant,G102,0.11428571428571428
eggplant,G22,0.2389705882352941
eggplant,G24,0.47857142857142854
eggplant,G51,0.36428571428571427
eggplant,G53,0.5178571428571429
eggplant,G75,0.2647058823529412
eggplant,M0,0.23214285714285712
eggplant,M102,0.12857142857142856
eggplant,M22,0.19642857142857142
eggplant,M24,0.25735294117647056
eggplant,M51,0.1142857142857143
eggplant,M53,0.20000000000000004
eggplant,M75,0.16071428571428573
eggplant,P0,0.5964285714285714
eggplant,P102,0.06785714285714287
eggplant,P22,0.04642857142857143
eggplant,P24,0.12867647058823528
eggplant,P51,0.11785714285714284
eggplant,P53,0.23571428571428568
eggplant,P75,0.05514705882352941
eggplant,S0,0.6714285714285715
eggplant,S102,0.20714285714285713
eggplant,S22,0.26785714285714285
eggplant,S24,0.41428571428571426
eggplant,S51,0.21071428571428572
eggplant,S53,0.6948529411764706
eggplant,S75,0.23928571428571427
evil,F0,0.12847222222222224
evil,F102,0.33333333333333337
evil,F22,0.3194444444444444
evil,F24,0.19444444444444448
evil,F51,0.2673611111111111
evil,F53,0.1423611111111111
evil,F75,0.30208333333333337
evil,G0,0.1597222222222222
evil,G102,0.6076388888888888
evil,G22,0.4236111111111111
evil,G24,0.2743055555555556
evil,G51,0.3923611111111111
evil,G53,0.23571428571428568
evil,G75,0.3263888888888889
evil,M0,0.125
evil,M102,0.33333333333333337
evil,M22,0.19097222222222224
evil,M24,0.2013888888888889
evil,M51,0.19791666666666669
evil,M53,0.14930555555555555
evil,M75,0.2534722222222222
evil,P0,0.28125
evil,P102,0.7708333333333334
evil,P22,0.8402777777777778
evil,P24,0.6284722222222222
evil,P51,0.5972222222222222
evil,P53,0.4826388888888889
evil,P75,0.5555555555555556
evil,S0,0.30902777777777785
evil,S102,0.3819444444444444
evil,S22,0.2986111111111111
evil,S24,0.31597222222222215
evil,S51,0.28125
evil,S53,0.27083333333333337
evil,S75,0.2951388888888889
far,F0,0.4189189189189189
far,F102,0.3885135135135135
far,F22,0.36824324324324326
far,F24,0.34121621621621623
far,F51,0.34121621621621623
far,F53,0.3952702702702703
far,F75,0.34459459459459457
far,G0,0.34121621621621623
far,G102,0.3885135135135135
far,G22,0.4020270270270271
far,G24,0.38175675675675674
far,G51,0.3344594594594595
far,G53,0.3614864864864865
far,G75,0.3716216216216216
far,M0,0.31756756756756754
far,M102,0.32432432432432434
far,M22,0.32291666666666663
far,M24,0.3784722222222222
far,M51,0.3783783783783784
far,M53,0.4121621621621621
far,M75,0.32432432432432434
far,P0,0.37162162162162166
far,P102,0.33783783783783783
far,P22,0.34797297297297297
far,P24,0.44932432432432434
far,P51,0.3547297297297297
far,P53,0.36824324324324326
far,P75,0.40202702702702703
far,S0,0.3479729729729729
far,S102,0.3445945945945946
far,S22,0.3344594594594595
far,S24,0.35135135135135137
far,S51,0.4155405405405405
far,S53,0.33783783783783783
far,S75,0.28125
fearful,F0,0.15
fearful,F102,0.3645833333333333
fearful,F22,0.32857142857142857
fearful,F24,0.2152777777777778
fearful,F51,0.2673611111111111
fearful,F53,0.17708333333333331
fearful,F75,0.3125
fearful,G0,0.1701388888888889
fearful,G102,0.4201388888888889
fearful,G22,0.35416666666666663
fearful,G24,0.2777777777777778
fearful,G51,0.3263888888888889
fearful,G53,0.22916666666666666
fearful,G75,0.32291666666666663
fearful,M0,0.1840277777777778
fearful,M102,0.3993055555555556
fearful,M22,0.1875
fearful,M24,0.2152777777777778
fearful,M51,0.23611111111111108
fearful,M53,0.2222222222222222
fearful,M75,0.28125
fearful,P0,0.10416666666666666
fearful,P102,0.5347222222222222
fearful,P22,0.59375
fearful,P24,0.48611111111111105
fearful,P51,0.4642857142857143
fearful,P53,0.3229166666666667
fearful,P75,0.48958333333333337
fearful,S0,0.32291666666666663
fearful,S102,0.2881944444444444
fearful,S22,0.3263888888888889
fearful,S24,0.325
fearful,S51,0.3472222222222222
fearful,S53,0.3263888888888889
fearful,S75,0.3576388888888889
field,F0,0.3472222222222222
field,F102,0.5138888888888888
field,F22,0.5607142857142857
field,F24,0.5107142857142857
field,F51,0.4826388888888889
field,F53,0.39285714285714285
field,F75,0.4375
field,G0,0.18055555555555555
field,G102,0.4201388888888889
field,G22,0.3472222222222222
field,G24,0.21785714285714286
field,G51,0.3159722222222222
field,G53,0.24642857142857144
field,G75,0.3368055555555556
field,M0,0.53125
field,M102,0.5520833333333334
field,M22,0.5590277777777778
field,M24,0.5486111111111112
field,M51,0.6076388888888888
field,M53,0.5381944444444444
field,M75,0.5590277777777778
field,P0,0.2326388888888889
field,P102,0.42708333333333337
field,P22,0.4357142857142857
field,P24,0.4756944444444444
field,P51,0.38541666666666663
field,P53,0.4131944444444444
field,P75,0.4756944444444444
field,S0,0.1076388888888889
field,S102,0.24305555555555555
field,S22,0.2951388888888889
field,S24,0.20833333333333331
field,S51,0.14930555555555555
field,S53,0.1909722222222222
field,S75,0.18055555555555555
fish,F0,0.47635135135135137
fish,F102,0.22972972972972974
fish,F22,0.27364864864864863
fish,F24,0.34121621621621623
fish,F51,0.2702702702702703
fish,F53,0.32432432432432434
fish,F75,0.30405405405405406
fish,G0,0.6875
fish,G102,0.5574324324324325
fish,G22,0.7128378378378378
fish,G24,0.7668918918918919
fish,G51,0.6006944444444444
fish,G53,0.7567567567567568
fish,G75,0.6993243243243243
fish,M0,0.05067567567567568
fish,M102,0.13194444444444445
fish,M22,0.05743243243243243
fish,M24,0.02430555555555556
fish,M51,0.125
fish,M53,0.04391891891891893
fish,M75,0.10472972972972973
fish,P0,0.3888888888888889
fish,P102,0.47635135135135137
fish,P22,0.4201388888888889
fish,P24,0.5067567567567568
fish,P51,0.41216216216216217
fish,P53,0.4966216216216216
fish,P75,0.46283783783783783
fish,S0,0.7905405405405406
fish,S102,0.7195945945945946
fish,S22,0.6891891891891891
fish,S24,0.793918918918919
fish,S51,0.7430555555555556
fish,S53,0.78125
fish,S75,0.7331081081081081
frog,F0,0.5304054054054054
frog,F102,0.31081081081081086
frog,F22,0.3055555555555556
frog,F24,0.3952702702702703
frog,F51,0.26351351351351354
frog,F53,0.3547297297297297
frog,F75,0.35135135135135137
frog,G0,0.6319444444444444
frog,G102,0.5571428571428572
frog,G22,0.6452702702702703
frog,G24,0.7128378378378378
frog,G51,0.5208333333333334
frog,G53,0.7364864864864865
frog,G75,0.7297297297297297
frog,M0,0.08783783783783784
frog,M102,0.17905405405405406
frog,M22,0.06418918918918919
frog,M24,0.06756756756756757
frog,M51,0.11824324324324324
frog,M53,0.10472972972972974
frog,M75,0.16891891891891894
frog,P0,0.375
frog,P102,0.4340277777777778
frog,P22,0.32432432432432434
frog,P24,0.4560810810810811
frog,P51,0.2986111111111111
frog,P53,0.4864864864864865
frog,P75,0.43918918918918914
frog,S0,0.7871621621621622
frog,S102,0.7635135135135135
frog,S22,0.7638888888888888
frog,S24,0.831081081081081
frog,S51,0.75
frog,S53,0.8175675675675675
frog,S75,0.793918918918919
grape,F0,0.5138888888888888
grape,F102,0.22569444444444448
grape,F22,0.20833333333333331
grape,F24,0.23263888888888892
grape,F51,0.16428571428571428
grape,F53,0.3020833333333333
grape,F75,0.24305555555555552
grape,G0,0.5451388888888888
grape,G102,0.2785714285714286
grape,G22,0.32986111111111105
grape,G24,0.38541666666666663
grape,G51,0.3368055555555556
grape,G53,0.4965277777777778
grape,G75,0.40972222222222215
grape,M0,0.16319444444444445
grape,M102,0.1701388888888889
grape,M22,0.10763888888888888
grape,M24,0.10416666666666666
grape,M51,0.13888888888888892
grape,M53,0.10416666666666666
grape,M75,0.175
grape,P0,0.4444444444444444
grape,P102,0.16319444444444445
grape,P22,0.12152777777777778
grape,P24,0.1875
grape,P51,0.13194444444444445
grape,P53,0.1875
grape,P75,0.19791666666666669
grape,S0,0.5243055555555556
grape,S102,0.4201388888888889
grape,S22,0.3125
grape,S24,0.46875
grape,S51,0.3680555555555556
grape,S53,0.4756944444444444
grape,S75,0.5034722222222222
greed,F0,0.1388888888888889
greed,F102,0.3159722222222222
greed,F22,0.3611111111111111
greed,F24,0.30208333333333337
greed,F51,0.3472222222222222
greed,F53,0.1736111111111111
greed,F75,0.3321428571428572
greed,G0,0.1840277777777778
greed,G102,0.6180555555555556
greed,G22,0.36458333333333337
greed,G24,0.38541666666666663
greed,G51,0.44791666666666663
greed,G53,0.2881944444444444
greed,G75,0.3784722222222222
greed,M0,0.18402777777777776
greed,M102,0.375
greed,M22,0.21180555555555555
greed,M24,0.28125
greed,M51,0.30208333333333337
greed,M53,0.2534722222222222
greed,M75,0.3125
greed,P0,0.1840277777777778
greed,P102,0.6354166666666666
greed,P22,0.6944444444444444
greed,P24,0.6214285714285714
greed,P51,0.5347222222222222
greed,P53,0.375
greed,P75,0.5520833333333334
greed,S0,0.40277777777777785
greed,S102,0.4305555555555556
greed,S22,0.4444444444444444
greed,S24,0.3928571428571429
greed,S51,0.32638888888888895
greed,S53,0.32986111111111105
greed,S75,0.5
happy,F0,0.5347222222222222
happy,F102,0.33333333333333337
happy,F22,0.3680555555555556
happy,F24,0.45833333333333337
happy,F51,0.3958333333333333
happy,F53,0.45486111111111105
happy,F75,0.43402777777777785
happy,G0,0.5138888888888888
happy,G102,0.20833333333333331
happy,G22,0.33333333333333337
happy,G24,0.3680555555555556
happy,G51,0.3090277777777778
happy,G53,0.4201388888888889
happy,G75,0.32142857142857145
happy,M0,0.5428571428571428
happy,M102,0.3576388888888889
happy,M22,0.4652777777777778
happy,M24,0.5104166666666666
happy,M51,0.42142857142857143
happy,M53,0.5694444444444444
happy,M75,0.4131944444444444
happy,P0,0.45138888888888895
happy,P102,0.1875
happy,P22,0.19642857142857145
happy,P24,0.2013888888888889
happy,P51,0.1701388888888889
happy,P53,0.26041666666666663
happy,P75,0.2048611111111111
happy,S0,0.40625
happy,S102,0.3680555555555556
happy,S22,0.33333333333333337
happy,S24,0.34375
happy,S51,0.3263888888888889
happy,S53,0.3645833333333333
happy,S75,0.4270833333333333
hurricane,F0,0.3055555555555556
hurricane,F102,0.3194444444444444
hurricane,F22,0.21875
hurricane,F24,0.2673611111111111
hurricane,F51,0.28125
hurricane,F53,0.2638888888888889
hurricane,F75,0.2916666666666667
hurricane,G0,0.34375
hurricane,G102,0.33333333333333337
hurricane,G22,0.4201388888888889
hurricane,G24,0.4409722222222222
hurricane,G51,0.4131944444444444
hurricane,G53,0.3506944444444444
hurricane,G75,0.39583333333333337
hurricane,M0,0.22569444444444448
hurricane,M102,0.2916666666666667
hurricane,M22,0.25
hurricane,M24,0.22916666666666669
hurricane,M51,0.25
hurricane,M53,0.27083333333333337
hurricane,M75,0.32291666666666663
hurricane,P0,0.19444444444444445
hurricane,P102,0.3107142857142857
hurricane,P22,0.24652777777777776
hurricane,P24,0.28214285714285714
hurricane,P51,0.3298611111111111
hurricane,P53,0.25
hurricane,P75,0.3020833333333333
hurricane,S0,0.4618055555555556
hurricane,S102,0.5034722222222222
hurricane,S22,0.5069444444444444
hurricane,S24,0.5
hurricane,S51,0.5416666666666667
hurricane,S53,0.4722222222222222
hurricane,S75,0.5416666666666666
justice,F0,0.41666666666666663
justice,F102,0.33333333333333337
justice,F22,0.3571428571428571
justice,F24,0.3993055555555556
justice,F51,0.36428571428571427
justice,F53,0.36458333333333337
justice,F75,0.3819444444444444
justice,G0,0.525
justice,G102,0.37142857142857144
justice,G22,0.4131944444444444
justice,G24,0.42708333333333337
justice,G51,0.3784722222222222
justice,G53,0.4618055555555556
justice,G75,0.4236111111111111
justice,M0,0.36458333333333337
justice,M102,0.35
justice,M22,0.4201388888888889
justice,M24,0.4201388888888889
justice,M51,0.4027777777777778
justice,M53,0.4027777777777778
justice,M75,0.38541666666666663
justice,P0,0.5678571428571428
justice,P102,0.2986111111111111
justice,P22,0.3368055555555556
justice,P24,0.3680555555555555
justice,P51,0.375
justice,P53,0.4097222222222222
justice,P75,0.35416666666666663
justice,S0,0.34722222222222215
justice,S102,0.2569444444444444
justice,S22,0.35416666666666663
justice,S24,0.3715277777777778
justice,S51,0.30208333333333337
justice,S53,0.3159722222222222
justice,S75,0.28928571428571426
leisure,F0,0.5919117647058824
leisure,F102,0.5757575757575758
leisure,F22,0.5698529411764706
leisure,F24,0.6507352941176471
leisure,F51,0.5698529411764706
leisure,F53,0.6727941176470589
leisure,F75,0.6287878787878788
leisure,G0,0.3897058823529412
leisure,G102,0.31985294117647056
leisure,G22,0.3382352941176471
leisure,G24,0.40441176470588236
leisure,G51,0.3345588235294118
leisure,G53,0.375
leisure,G75,0.3382352941176471
leisure,M0,0.5698529411764706
leisure,M102,0.5441176470588235
leisure,M22,0.5294117647058824
leisure,M24,0.5946969696969697
leisure,M51,0.5265151515151515
leisure,M53,0.6212121212121212
leisure,M75,0.5477941176470589
leisure,P0,0.375
leisure,P102,0.23529411764705882
leisure,P22,0.2316176470588235
leisure,P24,0.23529411764705882
leisure,P51,0.2426470588235294
leisure,P53,0.26136363636363635
leisure,P75,0.29411764705882354
leisure,S0,0.5955882352941176
leisure,S102,0.6617647058823529
leisure,S22,0.5946969696969697
leisure,S24,0.6363636363636364
leisure,S51,0.625
leisure,S53,0.6397058823529411
leisure,S75,0.6102941176470589
lemon,F0,0.6423611111111112
lemon,F102,0.4375
lemon,F22,0.5277777777777778
lemon,F24,0.5277777777777778
lemon,F51,0.2777777777777778
lemon,F53,0.5243055555555556
lemon,F75,0.35416666666666663
lemon,G0,0.3611111111111111
lemon,G102,0.3611111111111111
lemon,G22,0.7678571428571429
lemon,G24,0.7152777777777778
lemon,G51,0.3923611111111111
lemon,G53,0.7777777777777778
lemon,G75,0.5763888888888888
lemon,M0,0.33333333333333337
lemon,M102,0.3472222222222222
lemon,M22,0.38541666666666663
lemon,M24,0.3263888888888889
lemon,M51,0.22569444444444445
lemon,M53,0.33928571428571425
lemon,M75,0.3923611111111111
lemon,P0,0.4027777777777778
lemon,P102,0.2777777777777778
lemon,P22,0.3576388888888889
lemon,P24,0.5069444444444444
lemon,P51,0.2222222222222222
lemon,P53,0.59375
lemon,P75,0.39285714285714285
lemon,S0,0.3819444444444444
lemon,S102,0.3506944444444444
lemon,S22,0.4409722222222222
lemon,S24,0.4722222222222222
lemon,S51,0.21875
lemon,S53,0.5277777777777778
lemon,S75,0.375
lightning,F0,0.22916666666666669
lightning,F102,0.18571428571428572
lightning,F22,0.1875
lightning,F24,0.19444444444444445
lightning,F51,0.2222222222222222
lightning,F53,0.1909722222222222
lightning,F75,0.24305555555555552
lightning,G0,0.3472222222222222
lightning,G102,0.40625
lightning,G22,0.2986111111111111
lightning,G24,0.36111111111111105
lightning,G51,0.4826388888888889
lightning,G53,0.2951388888888889
lightning,G75,0.2465277777777778
lightning,M0,0.19444444444444448
lightning,M102,0.2013888888888889
lightning,M22,0.15714285714285714
lightning,M24,0.14930555555555555
lightning,M51,0.2048611111111111
lightning,M53,0.18571428571428572
lightning,M75,0.17142857142857143
lightning,P0,0.3125
lightning,P102,0.38888888888888895
lightning,P22,0.4965277777777778
lightning,P24,0.3819444444444444
lightning,P51,0.5972222222222222
lightning,P53,0.2881944444444444
lightning,P75,0.2857142857142857
lightning,S0,0.25357142857142856
lightning,S102,0.21875
lightning,S22,0.24652777777777776
lightning,S24,0.2013888888888889
lightning,S51,0.4097222222222222
lightning,S53,0.24305555555555555
lightning,S75,0.2642857142857143
lion,F0,0.39864864864864863
lion,F102,0.4189189189189189
lion,F22,0.5067567567567568
lion,F24,0.35135135135135137
lion,F51,0.34797297297297297
lion,F53,0.47972972972972966
lion,F75,0.4722222222222222
lion,G0,0.08108108108108107
lion,G102,0.14583333333333331
lion,G22,0.17229729729729729
lion,G24,0.11486486486486486
lion,G51,0.11486486486486487
lion,G53,0.08680555555555554
lion,G75,0.11148648648648647
lion,M0,0.7635135135135135
lion,M102,0.5304054054054054
lion,M22,0.7395833333333334
lion,M24,0.7465277777777778
lion,M51,0.625
lion,M53,0.7331081081081081
lion,M75,0.5878378378378378
lion,P0,0.11148648648648649
lion,P102,0.17708333333333331
lion,P22,0.21283783783783786
lion,P24,0.21283783783783788
lion,P51,0.14236111111111108
lion,P53,0.22297297297297297
lion,P75,0.1875
lion,S0,0.11486486486486486
lion,S102,0.08108108108108109
lion,S22,0.125
lion,S24,0.10135135135135134
lion,S51,0.05067567567567568
lion,S53,0.13175675675675674
lion,S75,0.0912162162162162
love,F0,0.6597222222222222
love,F102,0.4678571428571428
love,F22,0.45833333333333337
love,F24,0.53125
love,F51,0.4826388888888889
love,F53,0.5798611111111112
love,F75,0.6180555555555556
love,G0,0.4571428571428572
love,G102,0.1909722222222222
love,G22,0.3506944444444444
love,G24,0.3576388888888889
love,G51,0.29166666666666663
love,G53,0.4131944444444444
love,G75,0.375
love,M0,0.6493055555555556
love,M102,0.5173611111111112
love,M22,0.55
love,M24,0.5972222222222222
love,M51,0.4756944444444444
love,M53,0.6178571428571429
love,M75,0.5451388888888888
love,P0,0.3506944444444444
love,P102,0.1388888888888889
love,P22,0.09375
love,P24,0.21180555555555555
love,P51,0.2152777777777778
love,P53,0.23958333333333331
love,P75,0.23958333333333331
love,S0,0.4305555555555557
love,S102,0.4305555555555556
love,S22,0.4027777777777778
love,S24,0.42361111111111105
love,S51,0.47916666666666663
love,S53,0.5486111111111112
love,S75,0.44097222222222215
mango,F0,0.7357142857142858
mango,F102,0.22916666666666669
mango,F22,0.47916666666666663
mango,F24,0.4930555555555556
mango,F51,0.2638888888888889
mango,F53,0.6145833333333334
mango,F75,0.30714285714285716
mango,G0,0.6423611111111112
mango,G102,0.1284722222222222
mango,G22,0.35
mango,G24,0.4756944444444444
mango,G51,0.3
mango,G53,0.5486111111111112
mango,G75,0.36428571428571427
mango,M0,0.5555555555555556
mango,M102,0.2847222222222222
mango,M22,0.46875
mango,M24,0.4791666666666667
mango,M51,0.3888888888888889
mango,M53,0.48958333333333337
mango,M75,0.2986111111111111
mango,P0,0.6111111111111112
mango,P102,0.11458333333333333
mango,P22,0.1597222222222222
mango,P24,0.2222222222222222
mango,P51,0.13194444444444445
mango,P53,0.375
mango,P75,0.1423611111111111
mango,S0,0.625
mango,S102,0.20833333333333331
mango,S22,0.3090277777777778
mango,S24,0.4097222222222222
mango,S51,0.4236111111111111
mango,S53,0.6006944444444444
mango,S75,0.3090277777777778
mushroom,F0,0.6785714285714286
mushroom,F102,0.30714285714285716
mushroom,F22,0.4928571428571429
mushroom,F24,0.46071428571428574
mushroom,F51,0.3392857142857143
mushroom,F53,0.5357142857142857
mushroom,F75,0.3308823529411765
mushroom,G0,0.3678571428571429
mushroom,G102,0.11029411764705882
mushroom,G22,0.21691176470588236
mushroom,G24,0.35357142857142854
mushroom,G51,0.2352941176470588
mushroom,G53,0.34558823529411764
mushroom,G75,0.20714285714285713
mushroom,M0,0.37857142857142856
mushroom,M102,0.2
mushroom,M22,0.35
mushroom,M24,0.34191176470588236
mushroom,M51,0.23214285714285712
mushroom,M53,0.35357142857142854
mushroom,M75,0.21785714285714286
mushroom,P0,0.4107142857142857
mushroom,P102,0.08823529411764705
mushroom,P22,0.07720588235294118
mushroom,P24,0.15357142857142858
mushroom,P51,0.10357142857142856
mushroom,P53,0.20357142857142857
mushroom,P75,0.11785714285714285
mushroom,S0,0.6214285714285714
mushroom,S102,0.24642857142857144
mushroom,S22,0.45714285714285713
mushroom,S24,0.4571428571428572
mushroom,S51,0.37857142857142856
mushroom,S53,0.6214285714285714
mushroom,S75,0.275
near,F0,0.4861111111111111
near,F102,0.45608108108108103
near,F22,0.5104166666666666
near,F24,0.5
near,F51,0.4797297297297297
near,F53,0.4358108108108108
near,F75,0.4797297297297297
near,G0,0.5371621621621622
near,G102,0.46621621621621623
near,G22,0.4560810810810811
near,G24,0.44594594594594594
near,G51,0.44932432432432434
near,G53,0.47635135135135137
near,G75,0.38513513513513514
near,M0,0.5168918918918919
near,M102,0.5101351351351351
near,M22,0.44256756756756754
near,M24,0.5675675675675675
near,M51,0.4594594594594595
near,M53,0.5202702702702703
near,M75,0.4831081081081081
near,P0,0.47635135135135137
near,P102,0.43243243243243246
near,P22,0.4594594594594595
near,P24,0.4831081081081081
near,P51,0.43243243243243246
near,P53,0.49324324324324326
near,P75,0.4594594594594595
near,S0,0.5304054054054055
near,S102,0.48986486486486486
near,S22,0.44932432432432434
near,S24,0.4560810810810811
near,S51,0.4391891891891892
near,S53,0.4695945945945946
near,S75,0.5777027027027027
night,F0,0.5592105263157895
night,F102,0.3618421052631579
night,F22,0.3717105263157895
night,F24,0.4189189189189189
night,F51,0.4276315789473685
night,F53,0.5164473684210527
night,F75,0.40878378378378377
night,G0,0.5789473684210527
night,G102,0.39144736842105265
night,G22,0.44256756756756754
night,G24,0.5230263157894737
night,G51,0.5032894736842105
night,G53,0.4967105263157895
night,G75,0.5032894736842105
night,M0,0.6414473684210527
night,M102,0.5263157894736843
night,M22,0.5657894736842105
night,M24,0.6118421052631579
night,M51,0.5493421052631579
night,M53,0.581081081081081
night,M75,0.5921052631578947
night,P0,0.506578947368421
night,P102,0.37171052631578955
night,P22,0.3552631578947369
night,P24,0.3684210526315789
night,P51,0.33223684210526316
night,P53,0.3125
night,P75,0.4407894736842105
night,S0,0.4309210526315789
night,S102,0.4309210526315789
night,S22,0.4473684210526316
night,S24,0.39144736842105265
night,S51,0.4155405405405405
night,S53,0.46621621621621623
night,S75,0.48986486486486486
noon,F0,0.3388157894736842
noon,F102,0.45723684210526316
noon,F22,0.4375
noon,F24,0.3848684210526316
noon,F51,0.41118421052631576
noon,F53,0.3256578947368421
noon,F75,0.4276315789473685
noon,G0,0.4473684210526316
noon,G102,0.4473684210526316
noon,G22,0.41776315789473684
noon,G24,0.3918918918918919
noon,G51,0.3782894736842105
noon,G53,0.41216216216216217
noon,G75,0.40789473684210525
noon,M0,0.32565789473684215
noon,M102,0.3782894736842105
noon,M22,0.39144736842105265
noon,M24,0.29605263157894735
noon,M51,0.3519736842105263
noon,M53,0.3256578947368421
noon,M75,0.29729729729729726
noon,P0,0.45394736842105265
noon,P102,0.5197368421052632
noon,P22,0.48355263157894735
noon,P24,0.5427631578947368
noon,P51,0.46710526315789475
noon,P53,0.4967105263157895
noon,P75,0.48026315789473684
noon,S0,0.4934210526315789
noon,S102,0.40460526315789475
noon,S22,0.3618421052631579
noon,S24,0.4375
noon,S51,0.4901315789473684
noon,S53,0.39144736842105265
noon,S75,0.3717105263157895
ocean,F0,0.4548611111111111
ocean,F102,0.3159722222222222
ocean,F22,0.3402777777777778
ocean,F24,0.3541666666666667
ocean,F51,0.4930555555555556
ocean,F53,0.34375
ocean,F75,0.4305555555555556
ocean,G0,0.5520833333333334
ocean,G102,0.4722222222222222
ocean,G22,0.5
ocean,G24,0.6041666666666666
ocean,G51,0.6215277777777778
ocean,G53,0.5625
ocean,G75,0.5277777777777778
ocean,M0,0.22222222222222218
ocean,M102,0.2986111111111111
ocean,M22,0.2678571428571429
ocean,M24,0.20486111111111108
ocean,M51,0.3819444444444444
ocean,M53,0.22916666666666669
ocean,M75,0.3159722222222222
ocean,P0,0.3645833333333333
ocean,P102,0.36428571428571427
ocean,P22,0.2743055555555556
ocean,P24,0.35416666666666663
ocean,P51,0.5138888888888888
ocean,P53,0.3576388888888889
ocean,P75,0.4409722222222222
ocean,S0,0.5833333333333334
ocean,S102,0.6145833333333334
ocean,S22,0.5555555555555556
ocean,S24,0.5798611111111112
ocean,S51,0.6678571428571428
ocean,S53,0.6319444444444444
ocean,S75,0.6076388888888888
pants,F0,0.4111842105263158
pants,F102,0.30743243243243246
pants,F22,0.48026315789473684
pants,F24,0.39864864864864863
pants,F51,0.3815789473684211
pants,F53,0.47039473684210525
pants,F75,0.3157894736842105
pants,G0,0.16776315789473684
pants,G102,0.1710526315789474
pants,G22,0.2730263157894737
pants,G24,0.20394736842105263
pants,G51,0.19736842105263155
pants,G53,0.27960526315789475
pants,G75,0.19407894736842107
pants,M0,0.5197368421052632
pants,M102,0.3923611111111111
pants,M22,0.5202702702702703
pants,M24,0.5067567567567568
pants,M51,0.5230263157894737
pants,M53,0.569078947368421
pants,M75,0.4111842105263158
pants,P0,0.2006578947368421
pants,P102,0.125
pants,P22,0.1611842105263158
pants,P24,0.19736842105263158
pants,P51,0.1743421052631579
pants,P53,0.29605263157894735
pants,P75,0.17905405405405406
pants,S0,0.14802631578947367
pants,S102,0.10526315789473686
pants,S22,0.15460526315789475
pants,S24,0.22368421052631576
pants,S51,0.15131578947368418
pants,S53,0.19078947368421054
pants,S75,0.14144736842105263
peace,F0,0.7534722222222222
peace,F102,0.3923611111111111
peace,F22,0.4965277777777778
peace,F24,0.48958333333333337
peace,F51,0.4444444444444444
peace,F53,0.6736111111111112
peace,F75,0.5243055555555556
peace,G0,0.75
peace,G102,0.26041666666666663
peace,G22,0.3860294117647059
peace,G24,0.45833333333333337
peace,G51,0.3576388888888889
peace,G53,0.5833333333333334
peace,G75,0.4027777777777778
peace,M0,0.6840277777777778
peace,M102,0.40714285714285714
peace,M22,0.6180555555555556
peace,M24,0.6180555555555556
peace,M51,0.5
peace,M53,0.6041666666666666
peace,M75,0.5798611111111112
peace,P0,0.6076388888888888
peace,P102,0.11458333333333333
peace,P22,0.11111111111111109
peace,P24,0.2048611111111111
peace,P51,0.16666666666666669
peace,P53,0.2777777777777778
peace,P75,0.2361111111111111
peace,S0,0.48263888888888895
peace,S102,0.3821428571428571
peace,S22,0.375
peace,S24,0.45486111111111105
peace,S51,0.46875
peace,S53,0.48958333333333337
peace,S75,0.3678571428571429
peach,F0,0.5104166666666666
peach,F102,0.45833333333333337
peach,F22,0.6029411764705882
peach,F24,0.6178571428571429
peach,F51,0.4826388888888889
peach,F53,0.6215277777777778
peach,F75,0.5
peach,G0,0.16666666666666669
peach,G102,0.13194444444444448
peach,G22,0.20833333333333331
peach,G24,0.2013888888888889
peach,G51,0.15625
peach,G53,0.2673611111111111
peach,G75,0.18055555555555555
peach,M0,0.7534722222222222
peach,M102,0.6701388888888888
peach,M22,0.75
peach,M24,0.7847222222222222
peach,M51,0.6805555555555556
peach,M53,0.7777777777777778
peach,M75,0.6840277777777778
peach,P0,0.20833333333333331
peach,P102,0.09375
peach,P22,0.1840277777777778
peach,P24,0.3055555555555556
peach,P51,0.13571428571428573
peach,P53,0.3285714285714286
peach,P75,0.22569444444444445
peach,S0,0.2673611111111111
peach,S102,0.2013888888888889
peach,S22,0.30208333333333337
peach,S24,0.3472222222222222
peach,S51,0.24305555555555555
peach,S53,0.3506944444444444
peach,S75,0.22916666666666666
reliability,F0,0.5472972972972973
reliability,F102,0.36824324324324326
reliability,F22,0.44594594594594594
reliability,F24,0.41216216216216217
reliability,F51,0.3952702702702703
reliability,F53,0.5641891891891893
reliability,F75,0.3310810810810811
reliability,G0,0.6993243243243243
reliability,G102,0.42229729729729726
reliability,G22,0.5067567567567568
reliability,G24,0.5337837837837838
reliability,G51,0.5304054054054054
reliability,G53,0.5878378378378378
reliability,G75,0.43243243243243246
reliability,M0,0.5
reliability,M102,0.40202702702702703
reliability,M22,0.46283783783783783
reliability,M24,0.48986486486486486
reliability,M51,0.3952702702702703
reliability,M53,0.43581081081081086
reliability,M75,0.40540540540540543
reliability,P0,0.7094594594594594
reliability,P102,0.43918918918918914
reliability,P22,0.4652777777777778
reliability,P24,0.42229729729729726
reliability,P51,0.44932432432432434
reliability,P53,0.5202702702702703
reliability,P75,0.34797297297297297
reliability,S0,0.3918918918918919
reliability,S102,0.36824324324324326
reliability,S22,0.36486486486486486
reliability,S24,0.38175675675675674
reliability,S51,0.3141891891891892
reliability,S53,0.40878378378378377
reliability,S75,0.38513513513513514
sad,F0,0.23958333333333331
sad,F102,0.2638888888888889
sad,F22,0.24642857142857144
sad,F24,0.3611111111111111
sad,F51,0.25
sad,F53,0.3055555555555556
sad,F75,0.23958333333333331
sad,G0,0.2638888888888889
sad,G102,0.2714285714285714
sad,G22,0.3194444444444444
sad,G24,0.32291666666666663
sad,G51,0.3541666666666667
sad,G53,0.21875
sad,G75,0.3298611111111111
sad,M0,0.22222222222222218
sad,M102,0.27083333333333337
sad,M22,0.2569444444444444
sad,M24,0.2569444444444444
sad,M51,0.26388888888888895
sad,M53,0.2673611111111111
sad,M75,0.30902777777777785
sad,P0,0.2673611111111111
sad,P102,0.2534722222222222
sad,P22,0.28214285714285714
sad,P24,0.2361111111111111
sad,P51,0.2743055555555556
sad,P53,0.2569444444444444
sad,P75,0.2361111111111111
sad,S0,0.38541666666666663
sad,S102,0.2743055555555556
sad,S22,0.3611111111111111
sad,S24,0.3321428571428572
sad,S51,0.32291666666666663
sad,S53,0.3263888888888889
sad,S75,0.29642857142857143
safety,F0,0.5472972972972973
safety,F102,0.44932432432432434
safety,F22,0.4797297297297297
safety,F24,0.5067567567567568
safety,F51,0.5371621621621622
safety,F53,0.5608108108108109
safety,F75,0.5277777777777778
safety,G0,0.3918918918918919
safety,G102,0.2702702702702703
safety,G22,0.3614864864864865
safety,G24,0.38851351351351354
safety,G51,0.30067567567567566
safety,G53,0.3344594594594595
safety,G75,0.2951388888888889
safety,M0,0.4857142857142857
safety,M102,0.40625
safety,M22,0.5337837837837838
safety,M24,0.5641891891891891
safety,M51,0.4791666666666667
safety,M53,0.45270270270270274
safety,M75,0.4358108108108108
safety,P0,0.3614864864864865
safety,P102,0.2804054054054054
safety,P22,0.2635135135135135
safety,P24,0.27702702702702703
safety,P51,0.28378378378378377
safety,P53,0.3310810810810811
safety,P75,0.24324324324324326
safety,S0,0.3952702702702703
safety,S102,0.47635135135135137
safety,S22,0.46283783783783783
safety,S24,0.46621621621621623
safety,S51,0.44932432432432434
safety,S53,0.4189189189189189
safety,S75,0.42567567567567566
sandstorm,F0,0.4652777777777778
sandstorm,F102,0.5798611111111112
sandstorm,F22,0.7285714285714285
sandstorm,F24,0.65625
sandstorm,F51,0.5243055555555556
sandstorm,F53,0.5868055555555556
sandstorm,F75,0.5833333333333333
sandstorm,G0,0.1107142857142857
sandstorm,G102,0.3993055555555556
sandstorm,G22,0.4375
sandstorm,G24,0.325
sandstorm,G51,0.2569444444444444
sandstorm,G53,0.25
sandstorm,G75,0.2964285714285714
sandstorm,M0,0.5428571428571428
sandstorm,M102,0.6006944444444444
sandstorm,M22,0.5659722222222222
sandstorm,M24,0.5729166666666666
sandstorm,M51,0.5416666666666666
sandstorm,M53,0.5451388888888888
sandstorm,M75,0.5392857142857143
sandstorm,P0,0.2916666666666667
sandstorm,P102,0.5833333333333334
sandstorm,P22,0.7118055555555556
sandstorm,P24,0.6805555555555556
sandstorm,P51,0.3819444444444444
sandstorm,P53,0.6909722222222222
sandstorm,P75,0.5347222222222222
sandstorm,S0,0.1423611111111111
sandstorm,S102,0.22569444444444448
sandstorm,S22,0.2569444444444444
sandstorm,S24,0.16666666666666666
sandstorm,S51,0.14583333333333331
sandstorm,S53,0.15357142857142858
sandstorm,S75,0.16666666666666669
shirt,F0,0.35526315789473684
shirt,F102,0.3190789473684211
shirt,F22,0.3519736842105263
shirt,F24,0.33108108108108103
shirt,F51,0.34210526315789475
shirt,F53,0.46710526315789475
shirt,F75,0.32894736842105265
shirt,G0,0.09868421052631578
shirt,G102,0.09868421052631578
shirt,G22,0.14144736842105263
shirt,G24,0.14864864864864863
shirt,G51,0.08552631578947369
shirt,G53,0.18092105263157893
shirt,G75,0.10855263157894737
shirt,M0,0.618421052631579
shirt,M102,0.4605263157894737
shirt,M22,0.6118421052631579
shirt,M24,0.6052631578947368
shirt,M51,0.5592105263157895
shirt,M53,0.6587837837837838
shirt,M75,0.4934210526315789
shirt,P0,0.1381578947368421
shirt,P102,0.05592105263157895
shirt,P22,0.06756756756756759
shirt,P24,0.1118421052631579
shirt,P51,0.06578947368421054
shirt,P53,0.12828947368421054
shirt,P75,0.10526315789473684
shirt,S0,0.13486842105263158
shirt,S102,0.0855263157894737
shirt,S22,0.12828947368421054
shirt,S24,0.14527027027027026
shirt,S51,0.125
shirt,S53,0.15789473684210525
shirt,S75,0.125
shoes,F0,0.5328947368421053
shoes,F102,0.45065789473684215
shoes,F22,0.5789473684210527
shoes,F24,0.5067567567567568
shoes,F51,0.49324324324324326
shoes,F53,0.4736842105263158
shoes,F75,0.5230263157894737
shoes,G0,0.3980263157894737
shoes,G102,0.5263157894736843
shoes,G22,0.5493421052631579
shoes,G24,0.5263157894736843
shoes,G51,0.5164473684210527
shoes,G53,0.5405405405405406
shoes,G75,0.47039473684210525
shoes,M0,0.3486842105263158
shoes,M102,0.3651315789473684
shoes,M22,0.3092105263157895
shoes,M24,0.35526315789473684
shoes,M51,0.3125
shoes,M53,0.34539473684210525
shoes,M75,0.3092105263157895
shoes,P0,0.4638157894736842
shoes,P102,0.4901315789473684
shoes,P22,0.5460526315789473
shoes,P24,0.5263157894736843
shoes,P51,0.4769736842105263
shoes,P53,0.5
shoes,P75,0.555921052631579
shoes,S0,0.5230263157894737
shoes,S102,0.5361842105263158
shoes,S22,0.5032894736842105
shoes,S24,0.5460526315789473
shoes,S51,0.48355263157894735
shoes,S53,0.4901315789473684
shoes,S75,0.5460526315789473
sky,F0,0.6178571428571429
sky,F102,0.2881944444444444
sky,F22,0.2847222222222222
sky,F24,0.36458333333333337
sky,F51,0.35416666666666663
sky,F53,0.45833333333333337
sky,F75,0.36428571428571427
sky,G0,0.6493055555555556
sky,G102,0.17142857142857143
sky,G22,0.3090277777777778
sky,G24,0.4340277777777778
sky,G51,0.30208333333333337
sky,G53,0.45588235294117646
sky,G75,0.26041666666666663
sky,M0,0.38571428571428573
sky,M102,0.4027777777777778
sky,M22,0.3819444444444444
sky,M24,0.4027777777777778
sky,M51,0.3159722222222222
sky,M53,0.4409722222222222
sky,M75,0.40625
sky,P0,0.5416666666666666
sky,P102,0.12152777777777778
sky,P22,0.07291666666666666
sky,P24,0.1142857142857143
sky,P51,0.1875
sky,P53,0.15357142857142858
sky,P75,0.1423611111111111
sky,S0,0.45
sky,S102,0.375
sky,S22,0.2986111111111111
sky,S24,0.3298611111111111
sky,S51,0.3472222222222222
sky,S53,0.47916666666666663
sky,S75,0.32291666666666663
sleeping,F0,0.6544117647058824
sleeping,F102,0.5514705882352942
sleeping,F22,0.5661764705882353
sleeping,F24,0.5735294117647058
sleeping,F51,0.5294117647058824
sleeping,F53,0.7095588235294118
sleeping,F75,0.5514705882352942
sleeping,G0,0.2196969696969697
sleeping,G102,0.08455882352941176
sleeping,G22,0.14015151515151514
sleeping,G24,0.1875
sleeping,G51,0.15530303030303033
sleeping,G53,0.22794117647058823
sleeping,G75,0.1360294117647059
sleeping,M0,0.6470588235294118
sleeping,M102,0.6213235294117647
sleeping,M22,0.6433823529411765
sleeping,M24,0.6507352941176471
sleeping,M51,0.5919117647058824
sleeping,M53,0.6875
sleeping,M75,0.5919117647058824
sleeping,P0,0.18382352941176472
sleeping,P102,0.033088235294117654
sleeping,P22,0.0625
sleeping,P24,0.06818181818181819
sleeping,P51,0.0625
sleeping,P53,0.10661764705882353
sleeping,P75,0.07720588235294118
sleeping,S0,0.4431818181818182
sleeping,S102,0.5257352941176471
sleeping,S22,0.4816176470588235
sleeping,S24,0.48161764705882354
sleeping,S51,0.4338235294117647
sleeping,S53,0.4889705882352941
sleeping,S75,0.5110294117647058
socks,F0,0.40789473684210525
socks,F102,0.44932432432432434
socks,F22,0.45723684210526316
socks,F24,0.4309210526315789
socks,F51,0.41776315789473684
socks,F53,0.4736842105263158
socks,F75,0.555921052631579
socks,G0,0.07236842105263158
socks,G102,0.13157894736842107
socks,G22,0.09210526315789473
socks,G24,0.08223684210526316
socks,G51,0.08223684210526316
socks,G53,0.12171052631578946
socks,G75,0.13157894736842107
socks,M0,0.7335526315789473
socks,M102,0.5888157894736842
socks,M22,0.7401315789473684
socks,M24,0.7905405405405406
socks,M51,0.6644736842105263
socks,M53,0.7601351351351351
socks,M75,0.6151315789473685
socks,P0,0.08552631578947369
socks,P102,0.09868421052631578
socks,P22,0.12828947368421054
socks,P24,0.15131578947368424
socks,P51,0.0625
socks,P53,0.12162162162162163
socks,P75,0.17105263157894737
socks,S0,0.2138157894736842
socks,S102,0.27960526315789475
socks,S22,0.27960526315789475
socks,S24,0.32565789473684215
socks,S51,0.2006578947368421
socks,S53,0.2532894736842105
socks,S75,0.35855263157894735
speed,F0,0.4930555555555556
speed,F102,0.20945945945945948
speed,F22,0.33333333333333337
speed,F24,0.30067567567567566
speed,F51,0.2972972972972973
speed,F53,0.43243243243243246
speed,F75,0.2533783783783784
speed,G0,0.7533783783783784
speed,G102,0.3209459459459459
speed,G22,0.5659722222222222
speed,G24,0.6351351351351351
speed,G51,0.5743243243243243
speed,G53,0.7027027027027027
speed,G75,0.49324324324324326
speed,M0,0.42567567567567566
speed,M102,0.2702702702702703
speed,M22,0.34121621621621623
speed,M24,0.26013513513513514
speed,M51,0.32432432432432434
speed,M53,0.3141891891891892
speed,M75,0.3108108108108108
speed,P0,0.7736486486486487
speed,P102,0.2804054054054054
speed,P22,0.3581081081081081
speed,P24,0.4201388888888889
speed,P51,0.47297297297297297
speed,P53,0.5472972972972973
speed,P75,0.25675675675675674
speed,S0,0.30067567567567566
speed,S102,0.19256756756756757
speed,S22,0.20608108108108109
speed,S24,0.24324324324324328
speed,S51,0.24324324324324326
speed,S53,0.2635135135135135
speed,S75,0.14189189189189189
strawberry,F0,0.39236111111111105
strawberry,F102,0.5694444444444444
strawberry,F22,0.5243055555555556
strawberry,F24,0.5972222222222222
strawberry,F51,0.2743055555555556
strawberry,F53,0.4166666666666667
strawberry,F75,0.46875
strawberry,G0,0.13194444444444445
strawberry,G102,0.3854166666666667
strawberry,G22,0.5729166666666666
strawberry,G24,0.5277777777777778
strawberry,G51,0.17013888888888892
strawberry,G53,0.4965277777777778
strawberry,G75,0.4513888888888889
strawberry,M0,0.36458333333333337
strawberry,M102,0.44791666666666663
strawberry,M22,0.42708333333333337
strawberry,M24,0.40625
strawberry,M51,0.3541666666666667
strawberry,M53,0.3298611111111111
strawberry,M75,0.4375
strawberry,P0,0.125
strawberry,P102,0.3298611111111111
strawberry,P22,0.4305555555555556
strawberry,P24,0.5659722222222222
strawberry,P51,0.13541666666666666
strawberry,P53,0.5104166666666666
strawberry,P75,0.3923611111111111
strawberry,S0,0.2638888888888889
strawberry,S102,0.4722222222222222
strawberry,S22,0.6111111111111112
strawberry,S24,0.5208333333333334
strawberry,S51,0.25
strawberry,S53,0.3715277777777778
strawberry,S75,0.4375
sunset,F0,0.46785714285714286
sunset,F102,0.23928571428571427
sunset,F22,0.2673611111111111
sunset,F24,0.2881944444444444
sunset,F51,0.31597222222222215
sunset,F53,0.3784722222222222
sunset,F75,0.2569444444444444
sunset,G0,0.4270833333333333
sunset,G102,0.1284722222222222
sunset,G22,0.21180555555555555
sunset,G24,0.3055555555555556
sunset,G51,0.2465277777777778
sunset,G53,0.40625
sunset,G75,0.24305555555555552
sunset,M0,0.33333333333333337
sunset,M102,0.3506944444444444
sunset,M22,0.32291666666666663
sunset,M24,0.34375
sunset,M51,0.33333333333333337
sunset,M53,0.3715277777777778
sunset,M75,0.2951388888888889
sunset,P0,0.375
sunset,P102,0.1076388888888889
sunset,P22,0.0763888888888889
sunset,P24,0.15625
sunset,P51,0.1875
sunset,P53,0.1736111111111111
sunset,P75,0.15625
sunset,S0,0.2673611111111111
sunset,S102,0.2222222222222222
sunset,S22,0.19444444444444445
sunset,S24,0.2604166666666667
sunset,S51,0.2881944444444444
sunset,S53,0.2847222222222222
sunset,S75,0.20833333333333331
train,F0,0.38175675675675674
train,F102,0.29729729729729726
train,F22,0.36486486486486486
train,F24,0.3344594594594595
train,F51,0.4391891891891892
train,F53,0.3402777777777778
train,F75,0.3141891891891892
train,G0,0.5168918918918919
train,G102,0.40202702702702703
train,G22,0.42229729729729726
train,G24,0.46621621621621623
train,G51,0.5405405405405406
train,G53,0.49324324324324326
train,G75,0.49324324324324326
train,M0,0.3885135135135135
train,M102,0.4155405405405405
train,M22,0.43918918918918914
train,M24,0.3918918918918919
train,M51,0.4695945945945946
train,M53,0.4695945945945946
train,M75,0.44256756756756754
train,P0,0.4831081081081081
train,P102,0.49662162162162166
train,P22,0.44594594594594594
train,P24,0.46621621621621623
train,P51,0.5798611111111112
train,P53,0.4628378378378379
train,P75,0.42905405405405406
train,S0,0.21283783783783783
train,S102,0.23986486486486486
train,S22,0.24324324324324326
train,S24,0.23986486486486486
train,S51,0.3125
train,S53,0.17905405405405406
train,S75,0.21959459459459457
truck,F0,0.34797297297297297
truck,F102,0.30743243243243246
truck,F22,0.37162162162162166
truck,F24,0.34797297297297297
truck,F51,0.2743055555555556
truck,F53,0.35135135135135137
truck,F75,0.3885135135135135
truck,G0,0.5069444444444444
truck,G102,0.4864864864864865
truck,G22,0.47297297297297297
truck,G24,0.5101351351351351
truck,G51,0.4831081081081081
truck,G53,0.4966216216216216
truck,G75,0.4594594594594595
truck,M0,0.40540540540540543
truck,M102,0.39864864864864863
truck,M22,0.4155405405405405
truck,M24,0.38513513513513514
truck,M51,0.40878378378378377
truck,M53,0.42905405405405406
truck,M75,0.38175675675675674
truck,P0,0.5
truck,P102,0.4966216216216216
truck,P22,0.4695945945945946
truck,P24,0.5067567567567568
truck,P51,0.46283783783783783
truck,P53,0.4831081081081081
truck,P75,0.4864864864864865
truck,S0,0.22972972972972971
truck,S102,0.24662162162162163
truck,S22,0.2702702702702703
truck,S24,0.2972972972972973
truck,S51,0.19285714285714287
truck,S53,0.25
truck,S75,0.21959459459459457
watermelon,F0,0.5034722222222222
watermelon,F102,0.1840277777777778
watermelon,F22,0.2534722222222222
watermelon,F24,0.3142857142857143
watermelon,F51,0.22916666666666669
watermelon,F53,0.3993055555555556
watermelon,F75,0.17361111111111108
watermelon,G0,0.7673611111111112
watermelon,G102,0.2152777777777778
watermelon,G22,0.3368055555555556
watermelon,G24,0.4826388888888889
watermelon,G51,0.4027777777777778
watermelon,G53,0.5625
watermelon,G75,0.36111111111111105
watermelon,M0,0.2986111111111111
watermelon,M102,0.14583333333333331
watermelon,M22,0.1840277777777778
watermelon,M24,0.2673611111111111
watermelon,M51,0.22569444444444445
watermelon,M53,0.2534722222222222
watermelon,M75,0.125
watermelon,P0,0.78125
watermelon,P102,0.11805555555555555
watermelon,P22,0.15972222222222218
watermelon,P24,0.22916666666666669
watermelon,P51,0.2847222222222222
watermelon,P53,0.36458333333333337
watermelon,P75,0.16666666666666669
watermelon,S0,0.5416666666666666
watermelon,S102,0.125
watermelon,S22,0.17499999999999996
watermelon,S24,0.2604166666666667
watermelon,S51,0.3090277777777778
watermelon,S53,0.4965277777777778
watermelon,S75,0.19444444444444445
working,F0,0.411764705882353
working,F102,0.4007352941176471
working,F22,0.3897058823529412
working,F24,0.4632352941176471
working,F51,0.3939393939393939
working,F53,0.34558823529411764
working,F75,0.3602941176470588
working,G0,0.5984848484848485
working,G102,0.5
working,G22,0.5551470588235294
working,G24,0.5514705882352942
working,G51,0.5265151515151515
working,G53,0.5454545454545454
working,G75,0.5367647058823529
working,M0,0.36764705882352944
working,M102,0.3713235294117647
working,M22,0.3345588235294118
working,M24,0.3522727272727273
working,M51,0.3602941176470588
working,M53,0.3492647058823529
working,M75,0.3602941176470588
working,P0,0.6617647058823529
working,P102,0.5330882352941176
working,P22,0.5073529411764706
working,P24,0.5698529411764706
working,P51,0.5183823529411765
working,P53,0.6323529411764706
working,P75,0.5441176470588235
working,S0,0.3235294117647059
working,S102,0.3235294117647059
working,S22,0.36764705882352944
working,S24,0.31985294117647056
working,S51,0.3602941176470588
working,S53,0.35661764705882354
working,S75,0.4007352941176471
